{
  "name": "Classic",
  "settings": [
    {
      "name": "color",
      "value": {
        "rgba": -939498241,
        "themeSync": false,
        "rainbow": false,
        "rainbowMode": "DEFAULT",
        "rainbowOffset": 0
      }
    },
    {
      "name": "panels",
      "value": null,
      "subSettings": [
        {
          "name": "outline",
          "value": true
        },
        {
          "name": "height",
          "value": 350
        },
        {
          "name": "externalpanellock",
          "value": true
        }
      ]
    },
    {
      "name": "items",
      "value": null,
      "subSettings": [
        {
          "name": "indicator",
          "value": "VERTICAL"
        }
      ]
    },
    {
      "name": "scrollclamp",
      "value": false
    },
    {
      "name": "blur",
      "value": false,
      "subSettings": [
        {
          "name": "strength",
          "value": 3
        }
      ]
    }
  ],
  "clickgui": [
    {
      "name": "Player",
      "x": 480.0,
      "y": 50.0,
      "visible": true,
      "opened": true
    },
    {
      "name": "Render",
      "x": 575.0,
      "y": 50.0,
      "visible": true,
      "opened": true
    },
    {
      "name": "World",
      "x": 669.5000000149012,
      "y": 52.00378423545762,
      "visible": true,
      "opened": true
    },
    {
      "name": "Miscellaneous",
      "x": 290.0,
      "y": 50.0,
      "visible": true,
      "opened": true
    },
    {
      "name": "Combat",
      "x": 195.0,
      "y": 49.49905394113561,
      "visible": true,
      "opened": true
    },
    {
      "name": "Chat",
      "x": 99.00000002980232,
      "y": 50.5009460588644,
      "visible": true,
      "opened": true
    },
    {
      "name": "Movement",
      "x": 385.0,
      "y": 50.0,
      "visible": true,
      "opened": true
    },
    {
      "name": "Client",
      "x": 765.0,
      "y": 50.0,
      "visible": true,
      "opened": true
    }
  ]
}