[
  {
    "name": "Console",
    "hidden": true,
    "focused": false,
    "x": 200.0,
    "y": 100.0,
    "settings": [
      {
        "name": "timestamps",
        "value": true
      }
    ],
    "pinned": false,
    "width": 200.0,
    "height": 200.0
  },
  {
    "name": "Alt Manager",
    "hidden": true,
    "focused": false,
    "x": 400.0,
    "y": 100.0,
    "pinned": false,
    "width": 250.0,
    "height": 200.0
  },
  {
    "name": "Relations",
    "hidden": false,
    "focused": false,
    "x": 100.0,
    "y": 325.0,
    "pinned": false,
    "width": 150.0,
    "height": 100.0
  },
  {
    "name": "Configs",
    "hidden": true,
    "focused": false,
    "x": 200.0,
    "y": 200.0,
    "pinned": false,
    "width": 200.0,
    "height": 200.0
  },
  {
    "name": "Waypoints",
    "hidden": true,
    "focused": true,
    "x": 400.0,
    "y": 325.0,
    "pinned": false,
    "width": 200.0,
    "height": 100.0
  }
]